VehicleID,Amount (Million Naira),Amount(Million Naira)
VHL18518,1.0,7.399800835700881
VHL17149,1.0,6.201575112116567
VHL10927,1.0,5.379673832807679
VHL12909,1.0,8.659753035039083
VHL12348,1.0,22.89696622045372
VHL10798,1.0,5.7064593176088065
VHL11022,1.0,16.714846925757335
VHL12206,1.0,28.297990626399567
VHL11697,1.0,3.349882443638161
VHL12313,1.0,5.726261732833304
VHL13411,1.0,1.1333378710485142
VHL14334,1.0,7.317427870515317
VHL14302,1.0,3.4620786201518126
VHL13979,1.0,5.0998209079447925
VHL12272,1.0,4.2983257718705
VHL15071,1.0,5.379673832807679
VHL19166,1.0,7.314648701232622
VHL10471,1.0,18.775132764771556
VHL18431,1.0,11.532913991828417
VHL12325,1.0,16.178465841055782
VHL15657,1.0,2.058505053169789
VHL13667,1.0,11.58093800768151
VHL18913,1.0,76.00366317751431
VHL13273,1.0,3.185624177646936
VHL16576,1.0,5.777565916715973
VHL15506,1.0,5.681634269920826
VHL10460,1.0,13.108371975522372
VHL16050,1.0,13.108371975522372
VHL17918,1.0,4.0075254569558245
VHL12992,1.0,17.631371518909305
VHL10261,1.0,3.900433687962205
VHL18348,1.0,6.515058699272003
VHL11577,1.0,7.940343788501309
VHL16957,1.0,4.7764339055016745
VHL16165,1.0,6.765675372326777
VHL11441,1.0,12.781586490721246
VHL19990,1.0,14.392555043627755
VHL14072,1.0,12.781586490721246
VHL13637,1.0,3.5148324219034848
VHL10757,1.0,33.3094601390522
VHL12657,1.0,11.307111804994104
VHL19939,1.0,10.513972487681073
VHL12094,1.0,1.6568450733271654
VHL17177,1.0,8.522157150477343
VHL16720,1.0,8.002414169502499
VHL11478,1.0,7.016254624202385
VHL14386,1.0,6.201575112116567
VHL11341,1.0,1.2883263169744943
VHL18683,1.0,8.659753035039083
VHL13430,1.0,21.256761415739096
VHL18932,1.0,12.15039898796092
VHL17505,1.0,11.629131830676899
VHL16272,1.0,7.356866310284842
VHL14777,1.0,4.990448553429042
VHL13186,1.0,8.26959179022408
VHL19383,1.0,1.0205670341747535
VHL14605,1.0,5.242077948245939
VHL11440,1.0,3.760393172921561
VHL14303,1.0,10.022928736888721
VHL19478,1.0,6.903483787328624
VHL17837,1.0,5.379673832807679
VHL12824,1.0,18.453272798218194
VHL17476,1.0,2.485350786694312
VHL18988,1.0,7.248500761448741
VHL19482,1.0,4.987624731431141
VHL13263,1.0,9.064955749327266
VHL17078,1.0,31.290982420418985
VHL19170,1.0,13.070826035317072
VHL18070,1.0,12.364413635888287
VHL18061,1.0,8.546982198165324
VHL10726,1.0,7.121697108936017
VHL19212,1.0,5.7064593176088065
VHL13283,1.0,10.187187002879945
VHL14023,1.0,7.575286246249869
VHL16973,1.0,8.16870928424673
VHL19653,1.0,18.337418094008253
VHL18605,1.0,11.162305830835127
VHL13287,1.0,2.1765880543020097
VHL15719,1.0,81.87814186758702
VHL19636,1.0,23.50585020898201
VHL11009,1.0,5.0998209079447925
VHL18087,1.0,5.986899277850551
VHL14422,1.0,5.266902995933918
VHL15789,1.0,5.103219390302803
VHL12369,1.0,5.594263141095155
VHL15812,1.0,7.356866310284842
VHL18767,1.0,5.576848160800086
VHL19271,1.0,18.284089013979205
VHL17403,1.0,77.26526466111251
VHL12967,1.0,17.702478118016472
VHL19998,1.0,20.301098956020795
VHL12336,1.0,28.175161484178805
VHL10328,1.0,8.241621911050174
VHL18908,1.0,0.9544190943908726
VHL11127,1.0,4.525613249793571
VHL12655,1.0,12.4028392869904
VHL19086,1.0,10.157950751071834
VHL10384,1.0,10.86399127806538
VHL15712,1.0,10.333944000082393
VHL11054,1.0,14.719340528428884
VHL16505,1.0,11.44334212311977
VHL10534,1.0,3.841617906704612
VHL14120,1.0,2.1765880543020097
VHL10206,1.0,6.183210615872433
VHL13595,1.0,5.7064593176088065
VHL15887,1.0,0.3953874723433879
VHL12672,1.0,8.986538519840211
VHL19770,1.0,9.00634093506471
VHL13026,1.0,6.630653358143664
VHL12635,1.0,47.44551056129963
VHL14014,1.0,5.379673832807679
VHL19238,1.0,14.925189370573474
VHL18156,1.0,43.750027354644146
VHL13087,1.0,22.89696622045372
VHL13743,1.0,29.702595452019665
VHL19323,1.0,3.8167928590166316
VHL16129,1.0,3.1360852181726386
VHL17626,1.0,2.333986354088248
VHL14525,1.0,16.454190461601677
VHL15597,1.0,5.379673832807679
VHL19429,1.0,2.5981216235680726
VHL14074,1.0,7.469637147158603
VHL17422,1.0,1.5947746923259754
VHL11861,1.0,25.458866779735615
VHL19828,1.0,19.977622898722878
VHL14000,1.0,11.229327475192402
VHL12312,1.0,6.742157822383217
VHL16257,1.0,5.7064593176088065
VHL14859,1.0,12.575710240809311
VHL16048,1.0,14.719340528428884
VHL14039,1.0,2.2014131019899903
VHL10296,1.0,6.742157822383217
VHL14949,1.0,6.673812381796509
VHL17034,1.0,2.2014131019899903
VHL17149,1.0,23.920810853632553
VHL19677,1.0,12.15039898796092
VHL14433,1.0,16.186646971557252
VHL16582,1.0,0.6816879073104802
VHL10059,1.0,7.803354265729077
VHL17140,1.0,18.123403446080886
VHL10364,1.0,5.103219390302803
VHL16932,1.0,2.31418393886375
VHL18587,1.0,19.923819528881573
VHL13635,1.0,18.610874498780333
VHL18371,1.0,3.1360852181726386
VHL19622,1.0,23.22375170525485
VHL18669,1.0,8.87501590468396
VHL17359,1.0,9.456829266659991
VHL19788,1.0,8.051066744374713
VHL19078,1.0,3.900433687962205
VHL12673,1.0,2.5380394696762725
VHL17895,1.0,4.7764339055016745
VHL18950,1.0,6.821367134692226
VHL13562,1.0,25.03328417682287
VHL11306,1.0,16.41924760307501
VHL15496,1.0,23.22375170525485
VHL11927,1.0,60.08613404962077
VHL10392,1.0,1.9240226940487464
VHL14124,1.0,4.483949012026977
VHL12586,1.0,9.555999500119619
VHL12895,1.0,16.892179660089223
VHL18481,1.0,13.108371975522372
VHL11310,1.0,10.928364601263258
VHL15810,1.0,5.593688480735047
VHL16037,1.0,9.691271549089336
VHL19627,1.0,30.593165434609013
VHL11152,1.0,1.1333378710485142
VHL17698,1.0,11.55611295999353
VHL19815,1.0,4.773035423143665
VHL18192,1.0,6.528360596917695
VHL19720,1.0,10.597507072746723
VHL11686,1.0,15.382282725666393
VHL18649,1.0,6.627254875785654
VHL12765,1.0,31.45524068641021
VHL10026,1.0,7.248500761448741
VHL11001,1.0,4.183010867504812
VHL13433,1.0,20.138308466621197
VHL17827,1.0,11.229327475192402
VHL12344,1.0,1.4650820151729276
VHL17308,1.0,2.8157602848153562
VHL18722,1.0,6.201575112116567
VHL17199,1.0,28.573053568087097
VHL15338,1.0,10.187187002879945
VHL16946,1.0,4.361547050011714
VHL11039,1.0,3.900433687962205
VHL18017,1.0,17.631371518909305
VHL15945,1.0,5.5520419345027365
VHL14724,1.0,8.05593844737297
VHL15314,1.0,7.626773675367334
VHL14276,1.0,18.337418094008253
VHL17883,1.0,3.912724505811779
VHL14385,1.0,1.2044444701556802
VHL18665,1.0,7.317427870515317
VHL15936,1.0,7.18051289019361
VHL19518,1.0,3.2013615508740774
VHL13530,1.0,15.416233121365828
VHL17861,1.0,3.6239792454573285
VHL10966,1.0,4.227219172763332
VHL11652,1.0,29.00352331493154
VHL16641,1.0,10.704686264229636
VHL12017,1.0,2.6502356461899232
VHL14856,1.0,7.135729924574981
VHL16801,1.0,1.0205670341747535
VHL16814,1.0,9.481654314347972
VHL13748,1.0,9.481654314347972
VHL13104,1.0,4.638838020939934
VHL10022,1.0,6.599467196024862
VHL14787,1.0,5.7064593176088065
VHL19015,1.0,8.524714336262628
VHL11089,1.0,5.103219390302803
VHL13873,1.0,14.73112806733583
VHL15486,1.0,6.602705782689342
VHL13253,1.0,5.242077948245939
VHL15232,1.0,6.907107800648541
VHL18914,1.0,1.0205670341747535
VHL14922,1.0,17.022487530381014
VHL14541,1.0,3.900433687962205
VHL15820,1.0,23.179064724180883
VHL10710,1.0,7.2338932854496685
VHL11752,1.0,15.382282725666393
VHL13868,1.0,10.919175201969257
VHL17442,1.0,2.058505053169789
VHL14571,1.0,31.660130954609446
VHL17155,1.0,4.227219172763332
VHL11093,1.0,19.977622898722878
VHL18280,1.0,32.48203223391833
VHL18425,1.0,18.450188930882014
VHL10175,1.0,5.103219390302803
VHL15307,1.0,5.681634269920826
VHL18062,1.0,5.154706819420267
VHL18972,1.0,27.313086232377607
VHL11185,1.0,25.06964150035698
VHL10343,1.0,5.266902995933918
VHL10450,1.0,12.534046003042716
VHL19621,1.0,1.874627617188862
VHL14502,1.0,78.79269862895337
VHL12768,1.0,6.99064238571419
VHL19922,1.0,9.662141541161148
VHL10824,1.0,7.2338932854496685
VHL16646,1.0,32.98267465425107
VHL15462,1.0,-0.5581622965742046
VHL15801,1.0,9.716096596777316
VHL10322,1.0,29.394954847395987
VHL15613,1.0,7.121697108936017
VHL17756,1.0,6.99064238571419
VHL16186,1.0,25.785652264536743
VHL19061,1.0,3.841617906704612
VHL13446,1.0,4.751608857813695
VHL10599,1.0,10.597507072746723
VHL18255,1.0,4.663663068627914
VHL17948,1.0,4.525613249793571
VHL17616,1.0,7.200114338423072
VHL17664,1.0,17.05643792608045
VHL18299,1.0,-0.190913827870979
VHL18959,1.0,5.266902995933918
VHL10473,1.0,2.2014131019899903
VHL17271,1.0,4.16979549583766
VHL19798,1.0,2.2893588911757696
VHL17935,1.0,6.630653358143664
VHL10245,1.0,23.22375170525485
VHL15041,1.0,4.455634682332139
VHL15001,1.0,61.94035350226275
VHL16287,1.0,4.751608857813695
VHL13974,1.0,9.716096596777316
VHL15764,1.0,3.4620786201518126
VHL18888,1.0,5.593688480735047
VHL14882,1.0,20.30256673261242
VHL19424,1.0,17.237076838668493
VHL13785,1.0,10.187187002879945
VHL10783,1.0,1.9873984540626228
VHL19808,1.0,5.502502975028439
VHL18890,1.0,8.844861838356179
VHL13440,1.0,7.388534469622485
VHL13285,1.0,6.907107800648541
VHL18805,1.0,0.3681177941765048
VHL18550,1.0,9.716096596777316
VHL10061,1.0,22.518219016722874
VHL18522,1.0,7.749106307261567
VHL16813,1.0,6.9856254006834515
VHL11036,1.0,2.763006483063684
VHL12107,1.0,9.90733407801706
VHL17826,1.0,10.597507072746723
VHL14449,1.0,57.13284033219048
VHL14938,1.0,4.655776648031571
VHL14098,1.0,21.696317737413985
VHL19241,1.0,3.4620786201518126
VHL17856,1.0,5.7064593176088065
VHL18900,1.0,8.522157150477343
VHL11133,1.0,8.357898884486119
VHL11687,1.0,12.076053802189271
VHL12719,1.0,7.861877144135327
VHL15531,1.0,13.956997636437086
VHL17329,1.0,3.900433687962205
VHL16806,1.0,6.907107800648541
VHL11582,1.0,20.42040697034836
VHL16362,1.0,15.495053562540154
VHL11119,1.0,14.719340528428884
VHL13806,1.0,10.187187002879945
VHL11733,1.0,33.187564922450306
VHL18959,1.0,11.633897289795232
VHL17287,1.0,1.0671899312646325
VHL11709,1.0,2.31418393886375
VHL19793,1.0,2.8092997333715104
VHL19880,1.0,5.681634269920826
VHL19964,1.0,25.458866779735615
VHL12784,1.0,5.266902995933918
VHL17371,1.0,35.9038596268935
VHL12439,1.0,7.739544512241094
VHL16652,1.0,9.223786473350756
VHL17836,1.0,8.188662628936454
VHL16597,1.0,6.387402458408186
VHL18707,1.0,16.186646971557252
VHL16683,1.0,5.7064593176088065
VHL15365,1.0,9.580548593215932
VHL13507,1.0,5.639970032154233
VHL14459,1.0,8.546982198165324
VHL19300,1.0,11.092622867254484
VHL18418,1.0,4.680601695719551
VHL15350,1.0,7.317427870515317
VHL15927,1.0,0.39658872620788443
VHL12985,1.0,4.680601695719551
VHL10426,1.0,10.187187002879945
VHL10506,1.0,24.000966003489772
VHL11042,1.0,20.584665236339582
VHL18043,1.0,7.803354265729077
VHL16258,1.0,60.08613404962077
VHL19326,1.0,9.317396048356747
VHL15424,1.0,12.865121075786893
VHL19014,1.0,4.459465310009689
VHL11310,1.0,1.9873984540626228
VHL12927,1.0,5.7064593176088065
VHL10082,1.0,4.198827764992442
VHL10068,1.0,10.022928736888721
VHL13660,1.0,15.495053562540154
VHL18810,1.0,5.999465855383338
VHL17666,1.0,32.86077943764918
VHL18022,1.0,11.092622867254484
VHL11237,1.0,7.79850138412145
VHL17240,1.0,3.7882375114485534
VHL13512,1.0,8.143884236558751
VHL10596,1.0,10.534743276342608
VHL10073,1.0,5.287827140762423
VHL13719,1.0,7.314648701232622
VHL10077,1.0,4.455634682332139
VHL13151,1.0,8.20124634963737
VHL12499,1.0,3.2724681499812434
VHL18832,1.0,31.45524068641021
VHL16790,1.0,3.841617906704612
VHL13880,1.0,7.2018778643588615
VHL19448,1.0,7.200114338423072
VHL15860,1.0,5.7064593176088065
VHL14538,1.0,13.76098721994475
VHL16505,1.0,2.9081940122394707
VHL11544,1.0,22.112099204180446
VHL19830,1.0,3.5148324219034848
VHL10194,1.0,3.856225382703685
VHL15744,1.0,4.7517082948267175
VHL10957,1.0,62.86766653644307
VHL12568,1.0,2.385290537970917
VHL19448,1.0,9.456829266659991
VHL14417,1.0,0.39658872620788443
VHL10368,1.0,3.2815370030514526
VHL10806,1.0,3.859970704060107
VHL17414,1.0,7.304999884556835
VHL14892,1.0,6.300469390984527
VHL17933,1.0,5.726261732833304
VHL15852,1.0,1.9873984540626228
VHL10505,1.0,14.01380783989691
VHL18345,1.0,5.379673832807679
VHL13294,1.0,5.576848160800086
VHL18253,1.0,2.2725197010971563
VHL17152,1.0,2.31418393886375
VHL12883,1.0,4.655776648031571
VHL16101,1.0,7.79850138412145
VHL15563,1.0,26.138031705888196
VHL10313,1.0,3.499755627904314
VHL18291,1.0,15.743018606166954
VHL13553,1.0,6.503535549229715
VHL11440,1.0,6.987863216431494
VHL15887,1.0,11.229327475192402
VHL17489,1.0,4.7764339055016745
VHL16271,1.0,18.793467403404428
VHL15007,1.0,9.696143252087593
VHL15329,1.0,5.242077948245939
VHL13826,1.0,2.6508103065500332
VHL11568,1.0,10.287321102992514
VHL13578,1.0,13.108371975522372
VHL16302,1.0,11.141381686006623
VHL12677,1.0,5.7064593176088065
VHL18866,1.0,12.248924756008183
VHL11976,1.0,5.154706819420267
VHL17817,1.0,7.2338932854496685
VHL16893,1.0,4.56783085884579
VHL11075,1.0,5.7064593176088065
VHL14865,1.0,12.4028392869904
VHL13535,1.0,21.696317737413985
VHL16299,1.0,7.739544512241094
VHL19327,1.0,12.15039898796092
VHL10055,1.0,4.525613249793571
VHL14258,1.0,5.593688480735047
VHL11527,1.0,25.458866779735615
VHL17682,1.0,2.31418393886375
VHL10073,1.0,52.58949631731099
VHL14599,1.0,18.123403446080886
VHL15495,1.0,4.002252159375921
VHL13387,1.0,20.30256673261242
VHL19505,1.0,4.680601695719551
VHL16307,1.0,0.834943794018276
VHL11034,1.0,5.379673832807679
VHL13625,1.0,29.710945997221295
VHL19623,1.0,8.961713472152232
VHL10838,1.0,11.254152522880382
VHL11711,1.0,2.31418393886375
VHL14148,1.0,6.875092379557734
VHL15745,1.0,17.05643792608045
VHL15705,1.0,8.546982198165324
VHL14767,1.0,6.882282752960561
VHL10108,1.0,6.089378935602916
VHL17818,1.0,19.15880548675017
VHL18324,1.0,5.315671479289415
VHL19741,1.0,10.833841854740289
VHL11815,1.0,8.659753035039083
VHL18939,1.0,7.739544512241094
VHL18042,1.0,7.18051289019361
VHL13176,1.0,12.477184472762048
VHL16859,1.0,14.004618440602908
VHL14405,1.0,2.2893588911757696
VHL14751,1.0,2.8836449191431583
VHL18416,1.0,7.935855850262976
VHL13952,1.0,88.36533615955346
VHL14726,1.0,6.907107800648541
VHL11889,1.0,5.281366589318578
VHL12851,1.0,7.940343788501309
VHL12862,1.0,6.275920297888215
VHL14262,1.0,5.267477656294027
VHL13520,1.0,9.662141541161148
VHL14967,1.0,6.59665164721722
VHL14728,1.0,3.4620786201518126
VHL15340,1.0,6.630653358143664
VHL14760,1.0,-0.23257806563757377
VHL18498,1.0,76.00366317751431
VHL18440,1.0,8.105333524232854
VHL18477,1.0,6.577899556391992
VHL16456,1.0,1.9240226940487464
VHL19596,1.0,2.385290537970917
VHL19616,1.0,4.680601695719551
VHL12885,1.0,5.103219390302803
VHL13080,1.0,17.850032870912187
VHL10988,1.0,3.922373322487566
VHL16251,1.0,3.859970704060107
VHL16941,1.0,12.781586490721246
VHL19708,1.0,7.812543665023078
VHL13116,1.0,9.691271549089336
VHL17823,1.0,2.31418393886375
VHL14587,1.0,6.275920297888215
VHL16807,1.0,6.742157822383217
VHL15706,1.0,76.00366317751431
VHL19568,1.0,14.719340528428884
VHL12877,1.0,12.575710240809311
VHL16412,1.0,76.00366317751431
VHL18036,1.0,8.87376768296645
VHL16860,1.0,42.391053918859946
VHL14755,1.0,9.716096596777316
VHL19234,1.0,7.469637147158603
VHL13272,1.0,3.6766679284392882
VHL16892,1.0,3.349882443638161
VHL17413,1.0,16.350905237548474
VHL18817,1.0,9.696143252087593
VHL11681,1.0,11.327065149683827
VHL10192,1.0,35.9038596268935
VHL16374,1.0,10.187187002879945
VHL17630,1.0,0.0698032414067562
VHL15610,1.0,6.742157822383217
VHL11364,1.0,1.8955517620173667
VHL13136,1.0,7.399800835700881
VHL10038,1.0,30.102121683816655
VHL12580,1.0,2.31418393886375
VHL14253,1.0,9.266978480081956
VHL17421,1.0,0.7221729571445161
VHL15458,1.0,8.659753035039083
VHL12574,1.0,3.4620786201518126
VHL14109,1.0,3.5708622270114816
VHL15943,1.0,9.555999500119619
VHL17404,1.0,9.691271549089336
VHL14940,1.0,16.25856203517669
VHL16625,1.0,7.940343788501309
VHL12066,1.0,5.379673832807679
VHL12899,1.0,11.798155555786456
VHL11652,1.0,8.634927987351103
VHL17554,1.0,10.022928736888721
VHL11567,1.0,5.593688480735047
VHL10163,1.0,3.4620786201518126
VHL10355,1.0,16.643740326650168
VHL12041,1.0,15.251974855374602
VHL13416,1.0,11.58093800768151
VHL15974,1.0,1.7075455291997361
VHL12082,1.0,6.630653358143664
VHL12319,1.0,6.673812381796509
VHL12556,1.0,18.52437939732536
VHL18675,1.0,5.594263141095155
VHL13381,1.0,5.754653140604194
VHL14325,1.0,13.956997636437086
VHL15875,1.0,25.785652264536743
VHL10638,1.0,4.713058145487798
VHL10544,1.0,0.39658872620788443
VHL11654,1.0,5.379673832807679
VHL14423,1.0,0.4676953253150504
VHL14569,1.0,3.788864104952941
VHL15007,1.0,1.874627617188862
VHL18221,1.0,1.1333378710485142
VHL10785,1.0,9.336557310224517
VHL16546,1.0,7.317427870515317
VHL19173,1.0,8.05311462537507
VHL11731,1.0,10.485244074334533
VHL18180,1.0,4.914993419231525
VHL19452,1.0,8.002414169502499
VHL16163,1.0,3.499755627904314
VHL14877,1.0,2.31418393886375
VHL10102,1.0,6.627254875785654
VHL16046,1.0,3.297193760656201
VHL13684,1.0,12.15039898796092
VHL18749,1.0,5.379673832807679
VHL15304,1.0,11.254152522880382
VHL10117,1.0,7.478906967223847
VHL19957,1.0,7.4246070619982305
VHL19132,1.0,20.491812732569358
VHL15383,1.0,7.803354265729077
VHL10136,1.0,10.270721587945594
VHL17919,1.0,11.798155555786456
VHL11444,1.0,5.710444835345674
VHL18795,1.0,76.00366317751431
VHL12062,1.0,13.108371975522372
VHL15890,1.0,66.54551500601526
VHL17372,1.0,4.680601695719551
VHL12038,1.0,7.778548039431726
VHL19368,1.0,7.626773675367334
VHL10476,1.0,11.55611295999353
VHL14079,1.0,1.2883263169744943
VHL10401,1.0,5.754653140604194
VHL12810,1.0,1.4650820151729276
VHL19466,1.0,18.775132764771556
VHL15757,1.0,5.354848785119699
VHL15894,1.0,3.841617906704612
VHL18056,1.0,1.874627617188862
VHL16634,1.0,19.120252888205556
VHL16608,1.0,3.1360852181726386
VHL19831,1.0,74.47622920967345
VHL13863,1.0,10.597507072746723
VHL11159,1.0,7.469637147158603
VHL15412,1.0,6.577899556391992
VHL10730,1.0,8.915968437463347
VHL17248,1.0,19.432775778089223
VHL16421,1.0,6.577899556391992
VHL11328,1.0,21.197345421101332
VHL18439,1.0,15.709068210467521
VHL12340,1.0,7.507298374994738
VHL10461,1.0,13.108371975522372
VHL15024,1.0,3.5983670069691334
VHL11850,1.0,6.750227900620828
VHL16423,1.0,4.874853894557381
VHL16427,1.0,5.379673832807679
VHL13444,1.0,12.173884782902263
VHL16609,1.0,10.928364601263258
VHL11522,1.0,8.522157150477343
VHL11433,1.0,3.67609326807918
VHL15853,1.0,2.2014131019899903
VHL14168,1.0,78.57820969121374
VHL19004,1.0,2.31418393886375
VHL10827,1.0,4.990448553429042
VHL19998,1.0,0.5081583092171487
VHL14997,1.0,7.067742053319849
VHL15827,1.0,32.98267465425107
VHL18844,1.0,58.333488815230226
VHL10076,1.0,4.198827764992442
VHL16342,1.0,6.779834830135719
VHL19420,1.0,9.481654314347972
VHL12762,1.0,5.594936702452554
VHL16916,1.0,2.2014131019899903
VHL10660,1.0,3.900433687962205
VHL18142,1.0,7.739544512241094
VHL13721,1.0,7.016254624202385
VHL18101,1.0,1.2895966046239389
VHL11732,1.0,3.4620786201518126
VHL14351,1.0,10.287321102992514
VHL16617,1.0,6.138343234717104
VHL13840,1.0,11.254152522880382
VHL10596,1.0,9.774912378034909
VHL19148,1.0,8.659753035039083
VHL16845,1.0,8.707946858034472
VHL17262,1.0,24.74285601555585
VHL17801,1.0,4.073963286055537
VHL18039,1.0,7.564059101692106
VHL15369,1.0,8.546982198165324
VHL14483,1.0,17.518600682035544
VHL19700,1.0,8.16870928424673
VHL15877,1.0,9.716096596777316
VHL15552,1.0,60.671036315942565
VHL18756,1.0,12.781586490721246
VHL10301,1.0,7.2338932854496685
VHL17678,1.0,8.017943574016552
VHL17604,1.0,13.776358723849045
VHL17969,1.0,18.83202000194904
VHL17089,1.0,15.416233121365828
VHL13239,1.0,14.719340528428884
VHL12466,1.0,4.786250794810817
VHL16020,1.0,12.865121075786893
VHL15014,1.0,4.115022996249682
VHL13302,1.0,12.076053802189271
VHL17986,1.0,2.31418393886375
VHL14724,1.0,15.821839047341282
VHL15147,1.0,2.385290537970917
VHL15325,1.0,5.266902995933918
VHL16131,1.0,6.577899556391992
VHL14868,1.0,15.529003958239588
VHL15382,1.0,6.602705782689342
VHL12164,1.0,15.416233121365828
VHL11723,1.0,22.191433531921746
VHL14888,1.0,5.92512066961169
VHL17997,1.0,4.346694473135929
VHL11576,1.0,29.590399275506016
VHL16048,1.0,29.323848248288822
VHL17795,1.0,4.773035423143665
VHL15642,1.0,3.7187289351549673
VHL13953,1.0,48.69646108283588
VHL10189,1.0,6.630653358143664
VHL13338,1.0,10.162361955191965
VHL19247,1.0,8.881476456127803
VHL16429,1.0,18.30404235866893
VHL10272,1.0,5.266902995933918
VHL12716,1.0,5.103219390302803
VHL12652,1.0,10.022928736888721
VHL13545,1.0,3.2104304039442857
VHL11323,1.0,8.985738860557362
VHL15121,1.0,9.580548593215932
VHL17568,1.0,12.477184472762048
VHL11886,1.0,30.266379949807884
VHL17402,1.0,6.251114071590864
VHL10243,1.0,0.028139003640163196
VHL13407,1.0,9.10272021409073
VHL12149,1.0,6.188273214470875
VHL11037,1.0,3.6754666745747926
VHL17924,1.0,2.2725197010971563
VHL12180,1.0,6.882282752960561
VHL14683,1.0,7.5705196531359515
VHL18920,1.0,3.2013615508740774
VHL12024,1.0,7.819004216466924
VHL13968,1.0,0.5081583092171487
VHL11079,1.0,5.103219390302803
VHL14355,1.0,0.834943794018276
VHL11824,1.0,13.299085752070935
VHL19942,1.0,5.900295621923711
VHL12917,1.0,4.7764339055016745
VHL15326,1.0,8.659753035039083
VHL13585,1.0,9.266978480081956
VHL12069,1.0,9.691271549089336
VHL17056,1.0,6.208035663560413
VHL10515,1.0,8.634927987351103
VHL16435,1.0,8.634927987351103
VHL17564,1.0,3.111260170484659
VHL18798,1.0,9.292571000668767
VHL10222,1.0,7.953559160168461
VHL17645,1.0,6.138343234717104
VHL10810,1.0,8.495494769047859
VHL14216,1.0,17.153262598689807
VHL13799,1.0,8.382723932174098
VHL19965,1.0,5.354848785119699
VHL18568,1.0,15.709068210467521
VHL17957,1.0,47.93655431209198
VHL11023,1.0,0.5081583092171487
VHL17797,1.0,15.382282725666393
VHL16174,1.0,5.354848785119699
VHL15112,1.0,6.574642148336881
VHL10167,1.0,2.858838692845808
VHL18749,1.0,5.379673832807679
VHL16276,1.0,8.99061056355562
VHL15593,1.0,8.561445791549982
VHL18474,1.0,6.882282752960561
VHL13000,1.0,7.18051289019361
VHL10796,1.0,43.9509424213286
VHL16443,1.0,10.157950751071834
VHL13954,1.0,9.886857028636156
VHL12761,1.0,78.0871659404214
VHL17916,1.0,27.476089347090678
VHL13145,1.0,9.456829266659991
VHL19331,1.0,8.382723932174098
VHL15623,1.0,17.05643792608045
VHL13922,1.0,1.778652128306903
VHL11222,1.0,4.680601695719551
VHL15425,1.0,9.696143252087593
VHL19072,1.0,2.385290537970917
VHL18649,1.0,61.94035350226275
VHL14730,1.0,62.80242875406395
VHL12512,1.0,2.209121875151342
VHL18486,1.0,10.106463321954369
VHL13182,1.0,5.7064593176088065
VHL19735,1.0,4.56783085884579
VHL13370,1.0,8.659753035039083
VHL15038,1.0,5.266902995933918
VHL13034,1.0,6.275920297888215
VHL16581,1.0,6.208035663560413
VHL12113,1.0,10.187187002879945
VHL16914,1.0,5.450780431914845
VHL18231,1.0,8.16870928424673
VHL14192,1.0,21.94784093818922
VHL10404,1.0,1.2883263169744943
VHL10084,1.0,2.8092997333715104
VHL13855,1.0,4.077361768413547
VHL14027,1.0,4.459465310009689
VHL16209,1.0,2.2893588911757696
VHL11144,1.0,63.82922030157208
VHL18646,1.0,3.9251524917702607
VHL16431,1.0,18.945304725389775
VHL16873,1.0,31.333345469808318
VHL19594,1.0,4.610765384261829
VHL18630,1.0,4.2983257718705
VHL17288,1.0,2.9081940122394707
VHL13113,1.0,0.4676953253150504
VHL18865,1.0,3.900433687962205
VHL18260,1.0,8.495494769047859
VHL13198,1.0,8.495494769047859
VHL11475,1.0,17.805070042356274
VHL18584,1.0,3.499755627904314
VHL14768,1.0,7.8479100610771955
VHL16073,1.0,10.187187002879945
VHL15742,1.0,10.022928736888721
VHL18879,1.0,4.786250794810817
VHL12038,1.0,5.379673832807679
VHL19728,1.0,7.507298374994738
VHL17986,1.0,19.101918249572684
VHL18819,1.0,7.724281259573586
VHL12225,1.0,7.0730153508997535
VHL19157,1.0,9.691271549089336
VHL19615,1.0,27.313086232377607
VHL17175,1.0,5.267477656294027
VHL13050,1.0,15.037960207447234
VHL13123,1.0,2.2014131019899903
VHL16065,1.0,1.7075455291997361
VHL12484,1.0,15.251974855374602
VHL11338,1.0,9.336557310224517
VHL17289,1.0,5.242077948245939
VHL15447,1.0,0.6937815493736252
VHL18803,1.0,4.680601695719551
VHL18294,1.0,9.292571000668767
VHL15133,1.0,2.858838692845808
VHL10657,1.0,3.1360852181726386
VHL10619,1.0,8.952184912453506
VHL17912,1.0,1.0671899312646325
VHL18164,1.0,1.1382965303718002
VHL14504,1.0,6.382636999289852
VHL18885,1.0,8.795888073979327
VHL10118,1.0,10.919175201969257
VHL17852,1.0,23.22375170525485
VHL18834,1.0,9.580548593215932
VHL11508,1.0,20.138308466621197
VHL17633,1.0,9.292571000668767
VHL15893,1.0,25.346095942861854
VHL14089,1.0,4.655776648031571
VHL18800,1.0,2.660771838889376
VHL12314,1.0,6.903483787328624
VHL18047,1.0,4.198827764992442
VHL11118,1.0,2.31418393886375
VHL17922,1.0,9.416290327224706
VHL17121,1.0,9.364486064288208
VHL13960,1.0,4.1571635272258485
VHL15350,1.0,1.1755554801007335
VHL17939,1.0,27.313086232377607
VHL11888,1.0,7.068943307184345
VHL17044,1.0,8.21690310724212
VHL10290,1.0,3.499755627904314
VHL19497,1.0,12.575710240809311
VHL17807,1.0,1.3939754160657607
VHL11467,1.0,6.907107800648541
VHL14703,1.0,3.4620786201518126
VHL17518,1.0,6.99064238571419
VHL19578,1.0,5.103219390302803
VHL10425,1.0,3.6766679284392882
VHL11304,1.0,2.31418393886375
VHL10086,1.0,6.907107800648541
VHL19512,1.0,4.0570246589639005
VHL13350,1.0,5.379673832807679
VHL12694,1.0,8.130139750530205
VHL12838,1.0,6.528360596917695
VHL16255,1.0,5.004912146813701
VHL15196,1.0,5.379673832807679
VHL16844,1.0,4.2983257718705
VHL10977,1.0,3.4707233587495327
VHL18145,1.0,8.634927987351103
VHL12297,1.0,5.7064593176088065
VHL15274,1.0,7.803354265729077
VHL15478,1.0,5.020729044301331
VHL16940,1.0,6.862998737494589
VHL14407,1.0,75.29813048898234
VHL19544,1.0,4.799902117822105
VHL10519,1.0,19.12594363797782
VHL16928,1.0,10.704686264229636
VHL11692,1.0,5.354848785119699
VHL15180,1.0,6.188273214470875
VHL19040,1.0,1.9873984540626228
VHL11628,1.0,4.198827764992442
VHL19845,1.0,12.646816839916477
VHL16574,1.0,17.383223410881577
VHL14807,1.0,3.6239792454573285
VHL11188,1.0,24.996900753361118
VHL18077,1.0,8.659753035039083
VHL14836,1.0,12.756761443033264
VHL13406,1.0,7.478906967223847
VHL18365,1.0,6.201575112116567
VHL18328,1.0,13.191906560588022
VHL14695,1.0,15.879814831445847
VHL12724,1.0,14.004618440602908
VHL10202,1.0,9.44322866324586
VHL12815,1.0,5.593688480735047
VHL12630,1.0,6.303867873342536
VHL14283,1.0,17.631371518909305
VHL18698,1.0,5.1514132132981905
VHL10141,1.0,6.907107800648541
VHL16204,1.0,4.786250794810817
VHL11310,1.0,38.581081353103414
VHL18878,1.0,11.190776762866506
VHL19310,1.0,7.776085522510084
VHL18219,1.0,6.907107800648541
VHL13108,1.0,11.55611295999353
VHL14070,1.0,5.379673832807679
VHL16891,1.0,6.176750064428587
VHL10398,1.0,12.46293940393555
VHL12755,1.0,16.90882357727574
VHL12995,1.0,12.248924756008183
VHL12158,1.0,9.716096596777316
VHL17814,1.0,1.1333378710485142
VHL15098,1.0,5.594263141095155
VHL13066,1.0,1.0205670341747535
VHL13362,1.0,78.79269862895337
VHL13443,1.0,6.384791361758846
VHL18173,1.0,4.283979899460701
VHL16277,1.0,6.465128719518232
VHL17380,1.0,12.95862985880342
VHL18129,1.0,6.02401494847965
VHL11891,1.0,6.630653358143664
VHL11042,1.0,2.2014131019899903
VHL16137,1.0,21.696317737413985
VHL13400,1.0,10.106463321954369
VHL19399,1.0,3.841617906704612
VHL16723,1.0,3.5148324219034848
VHL12416,1.0,5.7064593176088065
VHL10350,1.0,2.3604654902829374
VHL13811,1.0,1.281204579192
VHL13916,1.0,3.856225382703685
VHL11857,1.0,6.907107800648541
VHL12040,1.0,5.354848785119699
VHL10872,1.0,6.602705782689342
VHL14351,1.0,12.076053802189271
VHL18230,1.0,11.58093800768151
VHL14851,1.0,1.9625734063746423
VHL19426,1.0,1.9873984540626228
VHL12795,1.0,6.481440753105482
VHL16882,1.0,10.919175201969257
VHL15924,1.0,8.546982198165324
VHL10807,1.0,18.775132764771556
VHL10611,1.0,2.058505053169789
VHL15296,1.0,3.5148324219034848
VHL11333,1.0,3.5148324219034848
VHL18616,1.0,7.5705196531359515
VHL15633,1.0,8.659753035039083
VHL15157,1.0,7.531323763399869
VHL16982,1.0,31.52047846878932
VHL13879,1.0,7.79850138412145
VHL17585,1.0,0.39658872620788443
VHL13116,1.0,22.89696622045372
VHL16982,1.0,8.844861838356179
VHL18017,1.0,3.8167928590166316
VHL19155,1.0,9.571649450857468
VHL19997,1.0,7.564059101692106
VHL19660,1.0,8.546982198165324
VHL19990,1.0,5.7064593176088065
VHL13582,1.0,7.739544512241094
VHL15998,1.0,8.008874720946345
VHL13285,1.0,3.788864104952941
VHL16586,1.0,6.629386985509457
VHL15120,1.0,10.612343061857853
VHL14954,1.0,6.275920297888215
VHL18066,1.0,10.592389717168128
VHL13559,1.0,6.489934945815582
VHL14707,1.0,5.681634269920826
VHL12562,1.0,5.20410189628015
VHL15527,1.0,1.874627617188862
VHL12878,1.0,3.6766679284392882
VHL12507,1.0,6.629386985509457
VHL14699,1.0,7.016254624202385
VHL14730,1.0,0.39658872620788443
VHL16614,1.0,6.274631621534425
VHL13024,1.0,21.242308249657246
VHL19915,1.0,2.1765880543020097
VHL13101,1.0,7.478906967223847
VHL13052,1.0,3.912724505811779
VHL19820,1.0,9.44322866324586
VHL11562,1.0,9.663342795025645
VHL16424,1.0,8.775934729289602
VHL10876,1.0,11.410218952761609
VHL12199,1.0,4.728795518714939
VHL17320,1.0,7.016254624202385
VHL13599,1.0,16.350905237548474
VHL15761,1.0,3.4707233587495327
VHL12114,1.0,13.191906560588022
VHL14797,1.0,8.659753035039083
VHL10360,1.0,10.187187002879945
VHL11344,1.0,4.680601695719551
VHL13709,1.0,12.076053802189271
VHL19962,1.0,5.354848785119699
VHL11021,1.0,1.9873984540626228
VHL11988,1.0,1.3939754160657607
VHL18459,1.0,5.379673832807679
VHL12547,1.0,9.555999500119619
VHL17688,1.0,8.16870928424673
VHL10267,1.0,5.379673832807679
VHL17363,1.0,8.522157150477343
VHL19946,1.0,8.744156526157731
VHL17698,1.0,11.798155555786456
VHL10234,1.0,3.900433687962205
VHL13897,1.0,8.627593731333864
VHL13543,1.0,5.266902995933918
VHL11002,1.0,3.297193760656201
VHL19102,1.0,6.59665164721722
VHL17633,1.0,12.076053802189271
VHL18124,1.0,1.0671899312646325
VHL16120,1.0,61.61356801746163
VHL19186,1.0,3.5955878376864376
VHL18664,1.0,8.357898884486119
VHL17083,1.0,6.201575112116567
VHL13077,1.0,21.197345421101332
VHL17267,1.0,-0.190913827870979
VHL18565,1.0,17.304586034108176
VHL13814,1.0,4.786250794810817
VHL18967,1.0,6.629386985509457
VHL13503,1.0,11.798155555786456
VHL13644,1.0,8.659753035039083
VHL17079,1.0,22.518219016722874
VHL15239,1.0,15.439744623203984
VHL17245,1.0,27.313086232377607
VHL10153,1.0,8.707946858034472
VHL19693,1.0,3.490007374215504
VHL10773,1.0,12.972300267269807
VHL11413,1.0,32.81841638825985
VHL10223,1.0,28.175161484178805
VHL18530,1.0,6.288791079343366
VHL12551,1.0,5.379673832807679
VHL17602,1.0,2.89651570059831
VHL13375,1.0,9.317396048356747
VHL13337,1.0,6.49050960617569
VHL18551,1.0,8.634927987351103
VHL17882,1.0,4.073963286055537
VHL17761,1.0,14.103144208650171
VHL12646,1.0,28.247902231174667
VHL15219,1.0,7.096872061248037
VHL14365,1.0,6.271067416280588
VHL16915,1.0,6.742157822383217
VHL10906,1.0,0.28381788933412366
VHL13513,1.0,-0.7420397325551331
VHL14542,1.0,5.379673832807679
VHL14200,1.0,1.1333378710485142
VHL18013,1.0,16.883998529587757
VHL14772,1.0,10.704686264229636
VHL13641,1.0,7.2338932854496685
VHL15001,1.0,8.659753035039083
VHL10409,1.0,3.499755627904314
VHL12698,1.0,89.07086884808544
VHL14128,1.0,2.8092997333715104
VHL10621,1.0,7.7635699006462255
VHL13729,1.0,3.234979497040598
VHL16191,1.0,13.077286586760916
VHL11188,1.0,8.775934729289602
VHL14810,1.0,30.266379949807884
VHL16357,1.0,7.469637147158603
VHL18353,1.0,18.126487313417066
VHL15843,1.0,10.704686264229636
VHL10210,1.0,61.04978351967341
VHL17457,1.0,43.12904114201971
VHL11022,1.0,3.841617906704612
VHL16541,1.0,12.972300267269807
VHL17647,1.0,1.2044444701556802
VHL11229,1.0,9.774912378034909
VHL17996,1.0,6.577899556391992
VHL17089,1.0,7.462515409376109
VHL19543,1.0,22.518219016722874
VHL19715,1.0,5.354848785119699
VHL17944,1.0,28.997062763487694
VHL16820,1.0,9.691271549089336
VHL14857,1.0,81.87814186758702
VHL17512,1.0,15.855789443040715
VHL16649,1.0,6.630653358143664
VHL14838,1.0,6.201575112116567
VHL14568,1.0,15.821839047341282
VHL17525,1.0,8.002414169502499
VHL16117,1.0,3.2104304039442857
VHL13135,1.0,2.2014131019899903
VHL19812,1.0,18.610874498780333
VHL17027,1.0,58.66027430003135
VHL14654,1.0,17.349273015182142
VHL12420,1.0,11.141381686006623
VHL10360,1.0,6.956172470310585
VHL13629,1.0,18.126487313417066
VHL16737,1.0,6.138343234717104
VHL15446,1.0,5.379673832807679
VHL10946,1.0,11.55611295999353
VHL13953,1.0,1.3523111782991677
VHL17303,1.0,7.462515409376109
VHL15447,1.0,3.1360852181726386
VHL12854,1.0,28.501946968979933
VHL12567,1.0,3.2104304039442857
VHL19137,1.0,0.0698032414067562
VHL19411,1.0,2.763006483063684
VHL10923,1.0,29.56084726127591
VHL17236,1.0,5.710444835345674
VHL19462,1.0,13.67783295580178
VHL13097,1.0,3.1360852181726386
VHL19969,1.0,4.073963286055537
VHL11860,1.0,2.2893588911757696
VHL18943,1.0,6.208035663560413
VHL11672,1.0,8.659753035039083
VHL10815,1.0,40.82884238200172
VHL16245,1.0,9.555999500119619
VHL14969,1.0,3.7876628510884442
VHL19652,1.0,6.178799411752301
VHL11330,1.0,8.844861838356179
VHL19827,1.0,15.057913552136958
VHL10484,1.0,16.99235816234139
VHL11394,1.0,8.659753035039083
VHL18787,1.0,7.914836426249048
VHL11803,1.0,0.5081583092171487
VHL12784,1.0,6.201575112116567
VHL17216,1.0,18.337418094008253
VHL10033,1.0,8.99061056355562
VHL11776,1.0,11.254152522880382
VHL14947,1.0,7.449300037708957
VHL17522,1.0,76.00366317751431
VHL14197,1.0,4.459465310009689
VHL13071,1.0,6.163149461014454
VHL17406,1.0,16.74603308787614
VHL12174,1.0,12.188163452724384
VHL12440,1.0,5.569438093407175
VHL12462,1.0,1.0671899312646325
VHL12158,1.0,11.141381686006623
VHL14899,1.0,19.272090210190903
VHL11281,1.0,12.15039898796092
VHL10913,1.0,19.272090210190903
VHL19630,1.0,2.6502356461899232
VHL19709,1.0,6.907107800648541
VHL14819,1.0,9.580548593215932
VHL15381,1.0,5.281366589318578
VHL14781,1.0,8.397187525558758
VHL18728,1.0,4.680601695719551
VHL16520,1.0,19.81152298182007
VHL10643,1.0,6.489934945815582
VHL19438,1.0,6.089378935602916
VHL14103,1.0,5.379673832807679
VHL19088,1.0,6.882282752960561
VHL15456,1.0,8.659753035039083
VHL16411,1.0,34.376425659052636
VHL19044,1.0,8.659753035039083
VHL15194,1.0,74.3634583727997
VHL11490,1.0,8.26959179022408
VHL13904,1.0,10.022928736888721
VHL15148,1.0,10.923599142144926
VHL10918,1.0,3.760393172921561
VHL19119,1.0,25.03328417682287
VHL10313,1.0,4.56783085884579
VHL17176,1.0,12.076053802189271
VHL17166,1.0,6.602705782689342
VHL11166,1.0,6.629386985509457
VHL19144,1.0,6.158296579406827
VHL17259,1.0,22.191433531921746
VHL11965,1.0,9.906810373325879
VHL13791,1.0,5.502502975028439
VHL12309,1.0,34.26365482217888
VHL18687,1.0,6.251114071590864
VHL10199,1.0,10.187187002879945
VHL18562,1.0,8.844861838356179
VHL14042,1.0,19.15880548675017
VHL19017,1.0,7.18051289019361
VHL18805,1.0,4.459465310009689
VHL18622,1.0,4.56783085884579
VHL14045,1.0,4.7223349672710935
VHL17010,1.0,6.794911624134889
VHL16993,1.0,13.776358723849045
VHL16050,1.0,5.593688480735047
VHL16363,1.0,2.665730498212662
VHL10287,1.0,6.742157822383217
VHL19873,1.0,7.626773675367334
VHL15450,1.0,2.31418393886375
VHL14789,1.0,8.986538519840211
VHL14379,1.0,8.382723932174098
VHL10911,1.0,5.464077323926325
VHL10449,1.0,4.7764339055016745
VHL19705,1.0,11.254152522880382
VHL14766,1.0,10.022928736888721
VHL16203,1.0,6.630653358143664
VHL14855,1.0,29.00352331493154
VHL14661,1.0,18.610874498780333
VHL19859,1.0,5.379673832807679
VHL14028,1.0,6.303867873342536
VHL14991,1.0,5.7064593176088065
VHL15291,1.0,13.191906560588022
VHL16047,1.0,5.593688480735047
VHL12253,1.0,19.597034044080445
VHL10428,1.0,11.927525907707135
VHL15237,1.0,32.98267465425107
VHL16101,1.0,1.0671899312646325
VHL16143,1.0,8.795888073979327
VHL10257,1.0,13.077286586760916
VHL16662,1.0,1.2883263169744943
VHL19799,1.0,8.143884236558751
VHL14241,1.0,4.2983257718705
VHL17705,1.0,4.077361768413547
VHL17529,1.0,8.659753035039083
VHL15191,1.0,3.788864104952941
VHL17451,1.0,0.39658872620788443
VHL17879,1.0,6.528360596917695
VHL19264,1.0,3.961192449181776
VHL19009,1.0,5.379673832807679
VHL10568,1.0,13.108371975522372
VHL19545,1.0,6.138343234717104
VHL16822,1.0,3.7882375114485534
VHL10957,1.0,12.477184472762048
VHL15607,1.0,8.495494769047859
VHL12093,1.0,19.432775778089223
VHL19096,1.0,19.59556626748882
VHL18288,1.0,0.3953874723433879
VHL11310,1.0,50.53095379993328
VHL19333,1.0,58.333488815230226
VHL13823,1.0,3.499755627904314
VHL19965,1.0,8.634927987351103
VHL16917,1.0,4.56783085884579
VHL11177,1.0,13.67783295580178
VHL16853,1.0,5.7064593176088065
VHL18554,1.0,12.316792831722463
VHL18562,1.0,14.103144208650171
VHL10753,1.0,7.888856359383845
VHL16804,1.0,0.28381788933412366
VHL18774,1.0,10.022928736888721
VHL15561,1.0,11.58093800768151
VHL12265,1.0,10.285557577056725
VHL10021,1.0,6.528360596917695
VHL18216,1.0,29.702595452019665
VHL18297,1.0,7.940343788501309
VHL15781,1.0,12.188163452724384
VHL12134,1.0,64.20796750530292
VHL12909,1.0,6.630653358143664
VHL19963,1.0,6.208035663560413
VHL16014,1.0,5.450780431914845
VHL14675,1.0,20.584665236339582
VHL19999,1.0,7.478906967223847
VHL15433,1.0,21.696317737413985
VHL12937,1.0,4.9895125879926745
VHL11373,1.0,6.99064238571419
VHL17859,1.0,8.659753035039083
VHL10314,1.0,15.381389609434876
VHL18773,1.0,8.16870928424673
VHL16942,1.0,4.737864371785148
VHL18334,1.0,6.742157822383217
VHL17910,1.0,21.40656651564847
VHL18494,1.0,10.187187002879945
VHL12860,1.0,31.290982420418985
VHL10204,1.0,17.383223410881577
VHL19924,1.0,7.388534469622485
VHL13255,1.0,10.187187002879945
VHL12057,1.0,59.973363212747
VHL19296,1.0,1.874627617188862
VHL10104,1.0,8.130139750530205
VHL14185,1.0,2.5294468085086246
VHL15914,1.0,5.103219390302803
VHL11633,1.0,7.478906967223847
VHL10331,1.0,8.659753035039083
VHL15981,1.0,12.124941040587585
VHL18376,1.0,8.382723932174098
VHL14890,1.0,13.108371975522372
VHL14283,1.0,6.247856663535754
VHL15877,1.0,21.242308249657246
VHL10019,1.0,10.333944000082393
VHL10439,1.0,4.673479957937056
VHL18436,1.0,5.604795736254409
VHL11989,1.0,7.248500761448741
VHL19813,1.0,8.16870928424673
VHL15869,1.0,7.007816561121218
VHL13464,1.0,3.6239792454573285
VHL14974,1.0,15.529003958239588
VHL13446,1.0,13.108371975522372
VHL11326,1.0,7.575286246249869
VHL12561,1.0,18.610874498780333
VHL12421,1.0,3.4620786201518126
VHL15061,1.0,19.15880548675017
VHL16174,1.0,9.391741234128395
VHL14500,1.0,15.382282725666393
VHL16937,1.0,8.732665661842528
VHL13576,1.0,271.77358478935525
VHL12458,1.0,10.022928736888721
VHL11965,1.0,8.495494769047859
VHL11890,1.0,6.602705782689342
VHL14930,1.0,6.208035663560413
VHL16445,1.0,17.304586034108176
VHL11308,1.0,0.39658872620788443
VHL17652,1.0,1.6568450733271654
VHL13004,1.0,26.280768059044505
VHL10262,1.0,16.316954841849043
VHL13111,1.0,8.495494769047859
VHL13568,1.0,13.95891019128677
VHL12606,1.0,5.1230218055273
VHL15786,1.0,5.7064593176088065
VHL11054,1.0,11.633897289795232
VHL15167,1.0,44.65647510986057
VHL14716,1.0,7.940343788501309
VHL11763,1.0,12.646816839916477
VHL17885,1.0,8.659753035039083
VHL16048,1.0,8.997071114999464
VHL17032,1.0,4.786250794810817
VHL10344,1.0,4.713058145487798
VHL13463,1.0,8.495494769047859
VHL12903,1.0,8.659753035039083
VHL14551,1.0,10.106463321954369
VHL14763,1.0,4.077361768413547
VHL19270,1.0,8.986538519840211
VHL12817,1.0,5.379673832807679
VHL18354,1.0,3.2815370030514526
VHL12185,1.0,7.778548039431726
VHL14983,1.0,17.631371518909305
VHL15530,1.0,7.067742053319849
VHL15827,1.0,4.1144483358895725
VHL14886,1.0,4.052536720725566
VHL17643,1.0,8.634927987351103
VHL16987,1.0,5.1230218055273
VHL14294,1.0,9.463289818103837
VHL16175,1.0,6.201575112116567
VHL18639,1.0,3.499755627904314
VHL13640,1.0,12.364413635888287
VHL17895,1.0,9.389311111976188
VHL19307,1.0,4.198827764992442
VHL19436,1.0,15.821839047341282
VHL19809,1.0,6.599467196024862
VHL10638,1.0,1.2883263169744943
VHL13859,1.0,19.229912085857336
VHL11640,1.0,0.0698032414067562
VHL13661,1.0,8.518076353555053
VHL15523,1.0,1.9873984540626228
VHL12838,1.0,7.478906967223847
VHL11312,1.0,10.547958648009761
VHL12699,1.0,3.912724505811779
VHL14640,1.0,7.4246070619982305
VHL17666,1.0,15.251974855374602
VHL14903,1.0,2.385290537970917
VHL13835,1.0,8.543688592043246
VHL15635,1.0,57.7236807804317
VHL19827,1.0,6.750227900620828
VHL14808,1.0,11.092622867254484
VHL16208,1.0,1.2466620792079013
VHL18605,1.0,1.9873984540626228
VHL19751,1.0,17.05643792608045
VHL17664,1.0,9.808439799149099
VHL12588,1.0,9.774912378034909
VHL17702,1.0,27.313086232377607
VHL10842,1.0,8.844861838356179
VHL19609,1.0,2.660771838889376
VHL12767,1.0,10.073306455065147
VHL13680,1.0,8.87376768296645
VHL13507,1.0,5.986899277850551
VHL16160,1.0,4.786250794810817
VHL13555,1.0,58.731380899138514
VHL18088,1.0,4.300646236406158
VHL16428,1.0,8.518076353555053
VHL11278,1.0,2.2014131019899903
VHL17567,1.0,7.356866310284842
VHL16715,1.0,11.41940835205561
VHL15486,1.0,8.634927987351103
VHL10286,1.0,4.990448553429042
VHL13344,1.0,8.596377275025207
VHL17544,1.0,4.54300581115781
VHL12579,1.0,7.18051289019361
VHL19966,1.0,6.862998737494589
VHL12989,1.0,6.602705782689342
VHL18968,1.0,11.58093800768151
VHL16423,1.0,16.643740326650168
VHL15852,1.0,0.834943794018276
VHL16298,1.0,6.201575112116567
VHL13399,1.0,7.317427870515317
VHL11381,1.0,7.749106307261567
VHL18329,1.0,6.599467196024862
VHL13335,1.0,61.37656900447453
VHL11885,1.0,8.707946858034472
VHL19284,1.0,3.1360852181726386
VHL12612,1.0,12.646816839916477
VHL15522,1.0,8.495494769047859
VHL16059,1.0,46.73997787276765
VHL10388,1.0,11.549852618920054
VHL10025,1.0,10.596813657343798
VHL14629,1.0,5.7064593176088065
VHL10790,1.0,6.275920297888215
VHL17966,1.0,8.05311462537507
VHL12843,1.0,8.659753035039083
VHL11996,1.0,26.98630074757648
VHL15688,1.0,11.58093800768151
VHL13110,1.0,19.15880548675017
VHL19865,1.0,12.477184472762048
VHL13379,1.0,4.1144483358895725
VHL18639,1.0,10.377900779428508
VHL16928,1.0,18.95176527683362
VHL11725,1.0,15.381389609434876
VHL11355,1.0,2.058505053169789
VHL17560,1.0,5.664795079842213
VHL11885,1.0,2.2014131019899903
VHL12995,1.0,4.198827764992442
VHL11751,1.0,5.125800974809995
VHL14633,1.0,5.7064593176088065
VHL16853,1.0,13.687022355095781
VHL14501,1.0,6.742157822383217
VHL13938,1.0,11.410218952761609
VHL12329,1.0,8.732665661842528
VHL10067,1.0,2.6502356461899232
VHL19818,1.0,31.290982420418985
VHL12785,1.0,14.004618440602908
VHL13874,1.0,3.4620786201518126
VHL18142,1.0,6.561041544922748
VHL14855,1.0,9.223786473350756
VHL12147,1.0,5.379673832807679
VHL15256,1.0,7.575286246249869
VHL13751,1.0,6.303867873342536
VHL17863,1.0,12.781586490721246
VHL13981,1.0,7.5268998232242
VHL18916,1.0,5.7064593176088065
VHL19492,1.0,13.108371975522372
VHL16004,1.0,0.5792649083243155
VHL15913,1.0,6.201575112116567
VHL16871,1.0,1.2883263169744943
VHL11388,1.0,11.798155555786456
VHL15019,1.0,17.677971054832955
VHL11934,1.0,3.900433687962205
VHL19784,1.0,5.379673832807679
VHL12593,1.0,5.697229463678522
VHL15836,1.0,5.877626165439368
VHL17034,1.0,6.907107800648541
VHL14607,1.0,28.175161484178805
VHL17105,1.0,4.283979899460701
VHL18773,1.0,5.593688480735047
VHL12684,1.0,6.208035663560413
VHL17154,1.0,3.922373322487566
VHL10849,1.0,32.98267465425107
VHL12067,1.0,1.2883263169744943
VHL14247,1.0,5.777565916715973
VHL18581,1.0,7.940343788501309
VHL18516,1.0,19.597034044080445
VHL17684,1.0,9.456829266659991
VHL17215,1.0,15.381389609434876
VHL15232,1.0,41.569152639551056
VHL19310,1.0,11.254152522880382
VHL12120,1.0,30.102121683816655
VHL15455,1.0,8.659753035039083
VHL10132,1.0,76.00366317751431
VHL12356,1.0,79.28374237974572
VHL16995,1.0,8.16870928424673
VHL15752,1.0,3.2104304039442857
VHL12151,1.0,8.775934729289602
VHL11902,1.0,6.907107800648541
VHL17808,1.0,2.31418393886375
VHL17592,1.0,11.116556638318642
VHL16636,1.0,4.680601695719551
VHL11497,1.0,3.4620786201518126
VHL17774,1.0,18.77366498817993
VHL15919,1.0,10.377900779428508
VHL15172,1.0,10.022928736888721
VHL11820,1.0,7.0794759023435985
VHL13093,1.0,6.742157822383217
VHL17445,1.0,4.681871983368995
VHL18989,1.0,5.92512066961169
VHL10713,1.0,8.495494769047859
VHL14240,1.0,2.976394537486665
VHL13501,1.0,6.201575112116567
VHL18215,1.0,6.201575112116567
VHL14878,1.0,9.488114865791818
VHL19143,1.0,6.794911624134889
VHL10173,1.0,2.9214093839066226
VHL16962,1.0,6.528360596917695
VHL15384,1.0,8.130139750530205
VHL13844,1.0,8.659753035039083
VHL11998,1.0,7.18051289019361
VHL10444,1.0,0.9544190943908726
VHL19655,1.0,6.681031076320091
VHL18921,1.0,63.82922030157208
VHL11774,1.0,3.841617906704612
VHL15490,1.0,5.379673832807679
VHL18694,1.0,1.7075455291997361
VHL10360,1.0,6.183210615872433
VHL18707,1.0,5.573510137122582
VHL15801,1.0,77.26526466111251
VHL17931,1.0,5.379673832807679
VHL16716,1.0,6.577899556391992
VHL11290,1.0,2.31418393886375
VHL18180,1.0,6.163149461014454
VHL19935,1.0,6.878446209200538
VHL16593,1.0,3.4620786201518126
VHL17349,1.0,5.287827140762423
VHL18705,1.0,5.354848785119699
VHL18527,1.0,10.485244074334533
VHL18577,1.0,26.6786601429528
VHL15369,1.0,5.379673832807679
VHL16140,1.0,12.4028392869904
VHL11458,1.0,8.844861838356179
VHL13652,1.0,0.834943794018276
VHL13470,1.0,0.806552386247386
VHL17609,1.0,3.5112084085835678
VHL16953,1.0,2.31418393886375
VHL19670,1.0,6.201575112116567
VHL16517,1.0,7.960680897950955
VHL12631,1.0,3.788864104952941
VHL14338,1.0,43.09658660739192
VHL13224,1.0,6.877871548840429
VHL19157,1.0,17.304586034108176
VHL10266,1.0,9.882784984920747
VHL11597,1.0,29.56084726127591
VHL16219,1.0,4.680601695719551
VHL12828,1.0,4.844142022250832
VHL10364,1.0,3.900433687962205
VHL11875,1.0,8.659753035039083
VHL10185,1.0,5.681634269920826
VHL12097,1.0,13.079135723714261
VHL17691,1.0,13.191906560588022
VHL15092,1.0,6.630653358143664
VHL11628,1.0,2.058505053169789
VHL13662,1.0,4.2983257718705
VHL11486,1.0,70.20004600276161
VHL18373,1.0,5.7064593176088065
VHL16605,1.0,77.26526466111251
VHL14670,1.0,5.354848785119699
VHL19579,1.0,9.716096596777316
VHL15504,1.0,6.561041544922748
VHL18831,1.0,3.841617906704612
VHL19404,1.0,7.399800835700881
VHL11218,1.0,10.162361955191965
VHL13869,1.0,2.9214093839066226
VHL19846,1.0,5.604795736254409
VHL11677,1.0,0.9293815284681459
VHL17416,1.0,24.706498692021746
VHL13175,1.0,7.268454106138465
VHL17965,1.0,5.379673832807679
VHL19048,1.0,3.5148324219034848
VHL18117,1.0,5.594263141095155
VHL16742,1.0,1.9625734063746423
VHL10339,1.0,12.4028392869904
VHL14079,1.0,5.1230218055273
VHL17034,1.0,10.187187002879945
VHL15903,1.0,6.629386985509457
VHL14643,1.0,3.900433687962205
VHL19176,1.0,6.907107800648541
VHL16293,1.0,1.874627617188862
VHL16573,1.0,4.678126662012573
VHL10615,1.0,11.254152522880382
VHL10834,1.0,7.507298374994738
VHL13200,1.0,3.5955878376864376
VHL18949,1.0,11.141381686006623
VHL14402,1.0,35.198326938361525
VHL16439,1.0,9.456829266659991
VHL14135,1.0,3.1360852181726386
VHL10015,1.0,10.513972487681073
VHL10388,1.0,5.266902995933918
VHL17226,1.0,8.05593844737297
VHL16884,1.0,4.673479957937056
VHL18216,1.0,10.162361955191965
VHL19751,1.0,9.696143252087593
VHL11071,1.0,17.351185570031827
VHL16489,1.0,6.303867873342536
VHL12578,1.0,5.267477656294027
VHL10582,1.0,9.317396048356747
VHL19617,1.0,18.284089013979205
VHL14437,1.0,6.629386985509457
VHL11749,1.0,9.278970397254634
VHL18131,1.0,61.23482081373078
VHL16700,1.0,19.101918249572684
VHL14166,1.0,4.56783085884579
VHL19100,1.0,5.379673832807679
VHL11100,1.0,6.630653358143664
VHL17954,1.0,5.495955897606054
VHL15065,1.0,50.53095379993328
VHL14908,1.0,6.158296579406827
VHL11925,1.0,8.546982198165324
VHL12725,1.0,4.990448553429042
VHL17558,1.0,2.31418393886375
VHL12989,1.0,17.58970728114271
VHL11734,1.0,5.078394342614821
VHL15324,1.0,10.86399127806538
VHL19720,1.0,81.87814186758702
VHL17274,1.0,8.05311462537507
VHL10206,1.0,6.275920297888215
VHL18355,1.0,17.304586034108176
VHL16634,1.0,2.31418393886375
VHL15037,1.0,14.310202739271416
VHL19446,1.0,0.8981650721594896
VHL11255,1.0,10.489147439993094
VHL18968,1.0,7.478906967223847
VHL17262,1.0,6.99064238571419
VHL19635,1.0,8.495494769047859
VHL13636,1.0,61.37656900447453
VHL14827,1.0,6.208035663560413
VHL13630,1.0,6.275920297888215
VHL18929,1.0,5.7064593176088065
VHL18493,1.0,59.849135036633676
VHL11970,1.0,5.7064593176088065
VHL18557,1.0,5.777565916715973
VHL16603,1.0,1.267989207524849
VHL10144,1.0,11.55611295999353
VHL19283,1.0,3.4620786201518126
VHL14957,1.0,18.453272798218194
VHL14521,1.0,13.956997636437086
VHL14631,1.0,8.130139750530205
VHL10741,1.0,18.775132764771556
VHL18773,1.0,12.051228754501292
VHL15546,1.0,24.000966003489772
VHL18796,1.0,9.555999500119619
VHL16777,1.0,6.300469390984527
VHL12667,1.0,1.2883263169744943
VHL11806,1.0,7.812543665023078
VHL16241,1.0,6.384791361758846
VHL11602,1.0,8.139329149824206
VHL10361,1.0,4.680601695719551
VHL11563,1.0,1.945734216296029
VHL18781,1.0,10.704686264229636
VHL11605,1.0,2.5946238991054944
VHL17566,1.0,6.630653358143664
VHL14925,1.0,8.87501590468396
VHL17378,1.0,15.821839047341282
VHL13933,1.0,2.2014131019899903
VHL15621,1.0,6.201575112116567
VHL11212,1.0,4.655776648031571
VHL17047,1.0,6.742157822383217
VHL18495,1.0,3.5148324219034848
VHL11789,1.0,7.204657033641557
VHL18812,1.0,5.639970032154233
VHL12003,1.0,20.307636133474595
VHL17763,1.0,11.254152522880382
VHL10234,1.0,1.3939754160657607
VHL11820,1.0,8.546982198165324
VHL15612,1.0,20.384633541086444
VHL16969,1.0,9.456829266659991
VHL15883,1.0,1.3807600443986088
VHL16910,1.0,10.106463321954369
VHL15537,1.0,17.631371518909305
VHL19483,1.0,22.112099204180446
VHL19061,1.0,9.481654314347972
VHL10122,1.0,3.6239792454573285
VHL18413,1.0,16.41924760307501
VHL19153,1.0,2.0355922770580106
VHL16118,1.0,7.960680897950955
VHL11390,1.0,8.357898884486119
VHL15701,1.0,4.7517082948267175
VHL12322,1.0,5.7064593176088065
VHL18493,1.0,10.073306455065147
VHL18230,1.0,22.518219016722874
VHL10567,1.0,0.5081583092171487
VHL16862,1.0,7.016254624202385
VHL12040,1.0,42.68948482034482
VHL13506,1.0,18.337418094008253
VHL13379,1.0,10.597507072746723
VHL16540,1.0,1.2635012692865146
VHL14882,1.0,28.574687715975795
VHL16979,1.0,8.05311462537507
VHL17108,1.0,8.470669721359878
VHL19862,1.0,9.336557310224517
VHL19541,1.0,58.66027430003135
VHL16650,1.0,8.143884236558751
VHL18976,1.0,4.990448553429042
VHL15984,1.0,21.206534820395333
VHL13017,1.0,7.096872061248037
VHL12807,1.0,12.4028392869904
VHL16571,1.0,25.785652264536743
VHL18496,1.0,4.990448553429042
VHL19085,1.0,10.513972487681073
VHL15655,1.0,16.91536075472954
VHL10274,1.0,25.785652264536743
VHL17927,1.0,12.781586490721246
VHL14169,1.0,5.7064593176088065
VHL10088,1.0,4.198827764992442
VHL19133,1.0,5.354848785119699
VHL10124,1.0,10.456773142303154
VHL17800,1.0,4.7764339055016745
VHL12549,1.0,7.739544512241094
VHL10900,1.0,5.67268037058221
VHL16654,1.0,0.8981650721594896
VHL15178,1.0,2.31418393886375
VHL10370,1.0,7.2338932854496685
VHL19083,1.0,17.022487530381014
VHL10667,1.0,5.7064593176088065
VHL11177,1.0,6.6894691394012575
VHL19621,1.0,4.737864371785148
VHL19834,1.0,2.3604654902829374
VHL18831,1.0,1.4518666435057757
VHL16058,1.0,5.379673832807679
VHL15327,1.0,2.731878437996542
VHL10566,1.0,3.7882375114485534
VHL15911,1.0,3.912724505811779
VHL18703,1.0,5.427867655803067
VHL19494,1.0,2.2014131019899903
VHL16292,1.0,11.229327475192402
VHL12417,1.0,2.18457278205503
VHL16694,1.0,20.42040697034836
VHL16876,1.0,1.9240226940487464
VHL10394,1.0,5.242077948245939
VHL18192,1.0,30.266379949807884
VHL18989,1.0,8.561445791549982
VHL15531,1.0,4.086056928118682
VHL19945,1.0,7.016254624202385
VHL15352,1.0,8.05311462537507
VHL10470,1.0,11.229327475192402
VHL12910,1.0,14.991228364619872
VHL19260,1.0,7.0730153508997535
VHL18747,1.0,12.364413635888287
VHL10865,1.0,29.917184760307144
VHL10512,1.0,8.188662628936454
VHL19176,1.0,13.108371975522372
VHL18494,1.0,9.010563908245343
VHL14953,1.0,9.25454146117142
VHL18146,1.0,10.919175201969257
VHL10753,1.0,5.354848785119699
VHL13266,1.0,22.112099204180446
VHL18142,1.0,7.778548039431726
VHL12499,1.0,3.900433687962205
VHL11132,1.0,13.083546927834393
VHL16161,1.0,6.176750064428587
VHL16332,1.0,1.7075455291997361
VHL11947,1.0,9.580548593215932
VHL15516,1.0,15.218599120035277
VHL15620,1.0,11.190776762866506
VHL11334,1.0,10.187187002879945
VHL14676,1.0,2.9214093839066226
VHL18063,1.0,8.075891792062695
VHL11305,1.0,5.379673832807679
VHL17190,1.0,5.267477656294027
VHL19509,1.0,24.759794642647485
VHL13065,1.0,10.333944000082393
VHL16948,1.0,6.59665164721722
VHL18753,1.0,6.163149461014454
VHL13306,1.0,71.72747997060247
VHL11296,1.0,3.6766679284392882
VHL14799,1.0,4.737864371785148
VHL16629,1.0,5.777565916715973
VHL12469,1.0,5.999465855383338
VHL14725,1.0,7.564059101692106
VHL15360,1.0,4.423949668439172
VHL12472,1.0,38.85285793510787
VHL17694,1.0,9.481654314347972
VHL19367,1.0,5.103219390302803
VHL13921,1.0,4.38627266068667
VHL18424,1.0,10.919175201969257
VHL13215,1.0,8.002414169502499
VHL19720,1.0,5.8315110946057
VHL19474,1.0,5.7064593176088065
VHL14718,1.0,7.803354265729077
VHL13614,1.0,2.6502356461899232
VHL15761,1.0,3.859970704060107
VHL15481,1.0,5.354848785119699
VHL10583,1.0,8.546982198165324
VHL10999,1.0,7.803354265729077
VHL11387,1.0,5.6424569640905435
VHL17201,1.0,8.26959179022408
VHL11541,1.0,7.092968695589477
VHL11491,1.0,7.280174836868856
VHL13571,1.0,16.74603308787614
VHL17798,1.0,8.985738860557362
VHL11615,1.0,7.394527538120977
VHL17412,1.0,3.964590931539786
VHL17680,1.0,0.5689170704367195
VHL13091,1.0,6.907107800648541
VHL13434,1.0,20.79867988426695
VHL15052,1.0,32.49163090345872
VHL11742,1.0,5.379673832807679
VHL11925,1.0,2.333986354088248
VHL12016,1.0,11.30234634587577
VHL17513,1.0,5.754653140604194
VHL10564,1.0,6.291570248626062
VHL14087,1.0,11.083433467960482
VHL18246,1.0,29.56084726127591
VHL10468,1.0,10.106463321954369
VHL18823,1.0,24.853992704540914
VHL10264,1.0,5.639970032154233
VHL15285,1.0,5.777565916715973
VHL16403,1.0,13.299085752070935
VHL14260,1.0,5.103219390302803
VHL16390,1.0,3.349307783278052
VHL14383,1.0,6.251114071590864
VHL12924,1.0,18.123403446080886
VHL16793,1.0,0.28381788933412366
VHL19286,1.0,23.179064724180883
VHL11692,1.0,4.002252159375921
VHL19565,1.0,8.634927987351103
VHL12271,1.0,7.366136130350087
VHL16387,1.0,12.477184472762048
VHL10067,1.0,7.332041262596862
VHL11055,1.0,29.88763274607704
VHL16282,1.0,8.634927987351103
VHL10373,1.0,0.39658872620788443
VHL13130,1.0,8.518076353555053
VHL14791,1.0,32.603927450520224
VHL17669,1.0,3.1360852181726386
VHL10245,1.0,6.6894691394012575
VHL13394,1.0,3.4620786201518126
VHL13369,1.0,4.525613249793571
VHL12230,1.0,6.630653358143664
VHL15024,1.0,5.6081520741197055
VHL15401,1.0,4.300646236406158
VHL17830,1.0,8.06632999704222
VHL16594,1.0,7.1556832692647045
VHL13400,1.0,3.4828170008126778
VHL13413,1.0,5.354848785119699
VHL11338,1.0,8.382723932174098
VHL12928,1.0,7.204657033641557
VHL14141,1.0,9.278970397254634
VHL13196,1.0,7.778548039431726
VHL17193,1.0,8.16870928424673
VHL13848,1.0,5.379673832807679
VHL15690,1.0,12.781586490721246
VHL14292,1.0,9.882784984920747
VHL10249,1.0,0.39658872620788443
VHL16684,1.0,8.515297184272356
VHL13663,1.0,8.300808246532736
VHL16780,1.0,5.1514132132981905
VHL15195,1.0,4.227219172763332
VHL19709,1.0,11.092622867254484
VHL16300,1.0,77.26526466111251
VHL18402,1.0,0.8776589853545529
VHL10408,1.0,5.94085104112078
VHL17856,1.0,8.188662628936454
VHL12909,1.0,2.3604654902829374
VHL17579,1.0,24.327751488290897
VHL14360,1.0,8.659753035039083
VHL16170,1.0,29.56084726127591
VHL11625,1.0,3.760393172921561
VHL10141,1.0,58.66027430003135
VHL13372,1.0,8.20124634963737
VHL10702,1.0,14.719340528428884
VHL10168,1.0,6.234256060121621
VHL17506,1.0,5.383659350544547
VHL19811,1.0,8.53525052896208
VHL18898,1.0,3.237111606764401
VHL14976,1.0,14.01380783989691
VHL19528,1.0,4.525613249793571
VHL14747,1.0,7.18051289019361
VHL12298,1.0,2.9081940122394707
VHL12897,1.0,17.0281315916033
VHL14501,1.0,7.317427870515317
VHL19230,1.0,6.275920297888215
VHL17122,1.0,5.379673832807679
VHL13093,1.0,3.5148324219034848
VHL13713,1.0,17.304586034108176
VHL10827,1.0,5.379673832807679
VHL14671,1.0,5.594263141095155
VHL19953,1.0,4.178244274390895
VHL14674,1.0,3.743454545829924
VHL19651,1.0,6.907107800648541
VHL14860,1.0,7.469637147158603
VHL15452,1.0,11.190776762866506
VHL11031,1.0,5.379673832807679
VHL16763,1.0,12.781586490721246
VHL13764,1.0,4.5684055192059
VHL12562,1.0,41.569152639551056
VHL11827,1.0,3.5148324219034848
VHL13929,1.0,4.54300581115781
VHL10039,1.0,4.227219172763332
VHL15009,1.0,3.912724505811779
VHL13821,1.0,6.602705782689342
VHL14348,1.0,15.132104018580305
VHL16840,1.0,2.31418393886375
VHL12002,1.0,9.906810373325879
VHL10237,1.0,1.4650820151729276
VHL18738,1.0,5.281366589318578
VHL10568,1.0,8.26959179022408
VHL19355,1.0,5.568863433047066
VHL16226,1.0,4.525613249793571
VHL16719,1.0,58.333488815230226
VHL14548,1.0,12.15039898796092
VHL16912,1.0,6.201575112116567
VHL19505,1.0,2.31418393886375
VHL16442,1.0,5.7064593176088065
VHL16825,1.0,7.2338932854496685
VHL12658,1.0,22.89696622045372
VHL12481,1.0,5.576848160800086
VHL18658,1.0,19.977622898722878
VHL15493,1.0,14.01380783989691
VHL12577,1.0,4.824627728497063
VHL13844,1.0,61.94035350226275
VHL12544,1.0,10.022928736888721
VHL14450,1.0,4.283979899460701
VHL16818,1.0,48.69646108283588
VHL18694,1.0,7.6929216151512145
VHL13597,1.0,4.073963286055537
VHL15898,1.0,7.248500761448741
VHL18680,1.0,10.592389717168128
VHL12465,1.0,8.518076353555053
VHL12148,1.0,12.46293940393555
VHL19876,1.0,0.5081583092171487
VHL19612,1.0,28.997062763487694
VHL18169,1.0,8.105333524232854
VHL13267,1.0,25.785652264536743
VHL14640,1.0,7.469637147158603
VHL15593,1.0,7.819004216466924
VHL16387,1.0,9.808439799149099
VHL13148,1.0,7.462515409376109
VHL11142,1.0,
VHL18659,1.0,
VHL13899,1.0,
VHL18985,1.0,
VHL17250,1.0,
VHL17539,1.0,
VHL18609,1.0,
VHL11948,1.0,
VHL11525,1.0,
VHL12806,1.0,
VHL19564,1.0,
VHL19054,1.0,
VHL18679,1.0,
VHL19665,1.0,
VHL12463,1.0,
VHL10753,1.0,
VHL11312,1.0,
VHL12620,1.0,
VHL17592,1.0,
VHL11746,1.0,
VHL14332,1.0,
VHL19959,1.0,
VHL16741,1.0,
VHL10763,1.0,
VHL17541,1.0,
VHL11701,1.0,
VHL10194,1.0,
VHL13479,1.0,
VHL15975,1.0,
VHL10231,1.0,
VHL18446,1.0,
VHL19365,1.0,
VHL12815,1.0,
VHL17210,1.0,
VHL14273,1.0,
VHL16001,1.0,
VHL17232,1.0,
VHL17877,1.0,
VHL13772,1.0,
VHL14502,1.0,
VHL12140,1.0,
VHL12267,1.0,
VHL18736,1.0,
VHL17988,1.0,
VHL11233,1.0,
VHL18205,1.0,
VHL17229,1.0,
VHL12503,1.0,
VHL16555,1.0,
VHL11608,1.0,
VHL13099,1.0,
VHL10464,1.0,
VHL13660,1.0,
VHL15246,1.0,
VHL18351,1.0,
VHL14567,1.0,
VHL18076,1.0,
VHL15135,1.0,
VHL14661,1.0,
VHL13468,1.0,
VHL18899,1.0,
VHL10051,1.0,
VHL12127,1.0,
VHL12196,1.0,
VHL17014,1.0,
VHL11559,1.0,
VHL10059,1.0,
VHL15739,1.0,
VHL14808,1.0,
VHL15611,1.0,
VHL14636,1.0,
VHL11570,1.0,
VHL16463,1.0,
VHL16394,1.0,
VHL13693,1.0,
VHL12291,1.0,
VHL15561,1.0,
VHL19493,1.0,
VHL12756,1.0,
VHL10950,1.0,
VHL16866,1.0,
VHL12609,1.0,
VHL12574,1.0,
VHL17135,1.0,
VHL13752,1.0,
VHL13546,1.0,
VHL11097,1.0,
VHL18181,1.0,
VHL10940,1.0,
VHL16905,1.0,
VHL19185,1.0,
VHL10923,1.0,
VHL18309,1.0,
VHL19349,1.0,
VHL13590,1.0,
VHL20000,1.0,
VHL12384,1.0,
VHL13167,1.0,
VHL18928,1.0,
VHL11333,1.0,
VHL18531,1.0,
VHL19725,1.0,
VHL13535,1.0,
VHL15299,1.0,
VHL19132,1.0,
VHL19736,1.0,
VHL11914,1.0,
VHL14981,1.0,
VHL11507,1.0,
VHL18768,1.0,
VHL13208,1.0,
VHL17200,1.0,
VHL19398,1.0,
VHL10666,1.0,
VHL12919,1.0,
VHL17972,1.0,
VHL10315,1.0,
VHL13868,1.0,
VHL16268,1.0,
VHL15979,1.0,
VHL14334,1.0,
VHL19984,1.0,
VHL15905,1.0,
VHL14849,1.0,
VHL10077,1.0,
VHL12763,1.0,
VHL13814,1.0,
VHL18236,1.0,
VHL18380,1.0,
VHL11075,1.0,
VHL10482,1.0,
VHL10117,1.0,
VHL13673,1.0,
VHL17221,1.0,
VHL11240,1.0,
VHL12562,1.0,
VHL13799,1.0,
VHL13466,1.0,
VHL14698,1.0,
VHL15372,1.0,
VHL13032,1.0,
VHL13600,1.0,
VHL17335,1.0,
VHL15519,1.0,
VHL19609,1.0,
VHL12581,1.0,
VHL18738,1.0,
VHL15107,1.0,
VHL16177,1.0,
VHL11709,1.0,
VHL14469,1.0,
VHL13687,1.0,
VHL16412,1.0,
VHL14864,1.0,
VHL15725,1.0,
VHL17141,1.0,
VHL10991,1.0,
VHL10678,1.0,
VHL13889,1.0,
VHL17084,1.0,
VHL15443,1.0,
VHL10783,1.0,
VHL19744,1.0,
VHL18331,1.0,
VHL16307,1.0,
VHL18003,1.0,
VHL10838,1.0,
VHL13320,1.0,
VHL19953,1.0,
VHL19152,1.0,
VHL15913,1.0,
VHL15341,1.0,
VHL14269,1.0,
VHL10263,1.0,
VHL10559,1.0,
VHL17221,1.0,
VHL12379,1.0,
VHL18253,1.0,
VHL11172,1.0,
VHL17213,1.0,
VHL18445,1.0,
VHL10808,1.0,
VHL13851,1.0,
VHL18936,1.0,
VHL17750,1.0,
VHL14279,1.0,
VHL17407,1.0,
VHL17737,1.0,
VHL11196,1.0,
VHL10773,1.0,
VHL12028,1.0,
VHL19833,1.0,
VHL13566,1.0,
VHL18282,1.0,
VHL11015,1.0,
VHL16696,1.0,
VHL13980,1.0,
VHL18337,1.0,
VHL11330,1.0,
VHL14873,1.0,
VHL15435,1.0,
VHL13861,1.0,
VHL12073,1.0,
VHL15320,1.0,
VHL17850,1.0,
VHL16757,1.0,
VHL15181,1.0,
VHL14613,1.0,
VHL17238,1.0,
VHL12083,1.0,
VHL16344,1.0,
VHL19413,1.0,
VHL17430,1.0,
VHL14996,1.0,
VHL13423,1.0,
VHL13162,1.0,
VHL14672,1.0,
VHL12020,1.0,
VHL16103,1.0,
VHL10650,1.0,
VHL15234,1.0,
VHL11305,1.0,
VHL18180,1.0,
VHL17458,1.0,
VHL15835,1.0,
VHL17211,1.0,
VHL17209,1.0,
VHL18693,1.0,
VHL18975,1.0,
VHL18976,1.0,
VHL15391,1.0,
VHL13071,1.0,
VHL19241,1.0,
VHL14944,1.0,
VHL19128,1.0,
VHL18577,1.0,
VHL15429,1.0,
VHL12217,1.0,
VHL15705,1.0,
VHL19888,1.0,
VHL11906,1.0,
VHL15757,1.0,
VHL11938,1.0,
VHL10969,1.0,
VHL11777,1.0,
VHL16275,1.0,
VHL14235,1.0,
VHL10496,1.0,
VHL18481,1.0,
VHL17185,1.0,
VHL15960,1.0,
VHL11313,1.0,
VHL11288,1.0,
VHL12337,1.0,
VHL14268,1.0,
VHL10015,1.0,
VHL16136,1.0,
VHL17903,1.0,
VHL14018,1.0,
VHL17473,1.0,
VHL11480,1.0,
VHL13881,1.0,
